id;nom_complet_app;email;telephone;date_naissance;lieu_naissance;num_acte_naissance;photo;photo_content_type;sexe;adresse;statut;situation_matrimoniale;matricule_app;nationalite
1;a;Daphn82@hotmail.fr;0722336177;2022-03-28;b Handmade;21464;../fake-data/blob/hipster.png;image/png;Masclin;port;Publique;Card dot-com;markets;Tasty
2;Fresh;lisabeth.Remy79@hotmail.fr;+33 750207305;2022-03-28;Account;72004;../fake-data/blob/hipster.png;image/png;Feminin;b e-business 24;Publique;real-time Concrete;technologies;Saint-Dominique
3;zero Rubber panel;Amante_Petit22@yahoo.fr;0213870806;2022-03-28;des wireless;25048;../fake-data/blob/hipster.png;image/png;Feminin;support Car maroon;Publique;Rubber Superviseur;circuit Industrial;Corée
4;XSS parsing azure;douard_Royer48@gmail.com;0155929190;2022-03-28;Mandatory granular Nord-Pas-de-Calais;21000;../fake-data/blob/hipster.png;image/png;Feminin;Customizable robust;Publique;copy transparent defect;b enhance;Centre niches Jewelery
5;multi-byte withdrawal Licensed;Graud.Brun@yahoo.fr;+33 754217361;2022-03-27;Personal systematic Streamlined;79019;../fake-data/blob/hipster.png;image/png;Feminin;aggregate payment;Publique;Pound Executif Chine;index Israël a;users payment invoice
6;Generic Salvador;Acace.Barbier23@yahoo.fr;+33 710782174;2022-03-28;implementation explicit Ergonomic;37396;../fake-data/blob/hipster.png;image/png;Feminin;driver Sleek;Prive;attitude-oriented Tools Technicien;Shoes;Auto
7;Small Books;Lorrain.Simon@yahoo.fr;0448634036;2022-03-28;Concrete;11322;../fake-data/blob/hipster.png;image/png;Feminin;Towels;Publique;killer;pixel executive ubiquitous;foreground
8;THX;Pnlope.Collet@gmail.com;+33 249836550;2022-03-27;Customizable open-source supply-chains;5551;../fake-data/blob/hipster.png;image/png;Feminin;Specialiste du;Publique;ROI;Alsace cross-platform;Garden interface seize
9;Saint-Bernard;Danielle11@hotmail.fr;0634480218;2022-03-28;generate enhance;96232;../fake-data/blob/hipster.png;image/png;Masclin;parsing olive directional;Publique;connect;Savings Allemagne la;Yen Wooden Kids
10;overriding orchestration;Arthme97@yahoo.fr;0270441956;2022-03-27;platforms Avon;4662;../fake-data/blob/hipster.png;image/png;Masclin;sticky Account Avon;Publique;Producteur;Persistent Avon Bacon;help-desk Manager
